<?xml version="1.0" encoding="UTF-8"?>
<office:document-content xmlns:officeooo="http://openoffice.org/2009/office" xmlns:anim="urn:oasis:names:tc:opendocument:xmlns:animation:1.0" xmlns:smil="urn:oasis:names:tc:opendocument:xmlns:smil-compatible:1.0" xmlns:presentation="urn:oasis:names:tc:opendocument:xmlns:presentation:1.0" xmlns:css3t="http://www.w3.org/TR/css3-text/" xmlns:grddl="http://www.w3.org/2003/g/data-view#" xmlns:xhtml="http://www.w3.org/1999/xhtml" xmlns:formx="urn:openoffice:names:experimental:ooxml-odf-interop:xmlns:form:1.0" xmlns:xsi="http://www.w3.org/2001/XMLSchema-instance" xmlns:rpt="http://openoffice.org/2005/report" xmlns:dc="http://purl.org/dc/elements/1.1/" xmlns:chart="urn:oasis:names:tc:opendocument:xmlns:chart:1.0" xmlns:svg="urn:oasis:names:tc:opendocument:xmlns:svg-compatible:1.0" xmlns:draw="urn:oasis:names:tc:opendocument:xmlns:drawing:1.0" xmlns:text="urn:oasis:names:tc:opendocument:xmlns:text:1.0" xmlns:oooc="http://openoffice.org/2004/calc" xmlns:style="urn:oasis:names:tc:opendocument:xmlns:style:1.0" xmlns:ooow="http://openoffice.org/2004/writer" xmlns:meta="urn:oasis:names:tc:opendocument:xmlns:meta:1.0" xmlns:xlink="http://www.w3.org/1999/xlink" xmlns:fo="urn:oasis:names:tc:opendocument:xmlns:xsl-fo-compatible:1.0" xmlns:ooo="http://openoffice.org/2004/office" xmlns:office="urn:oasis:names:tc:opendocument:xmlns:office:1.0" xmlns:dr3d="urn:oasis:names:tc:opendocument:xmlns:dr3d:1.0" xmlns:table="urn:oasis:names:tc:opendocument:xmlns:table:1.0" xmlns:number="urn:oasis:names:tc:opendocument:xmlns:datastyle:1.0" xmlns:of="urn:oasis:names:tc:opendocument:xmlns:of:1.2" xmlns:calcext="urn:org:documentfoundation:names:experimental:calc:xmlns:calcext:1.0" xmlns:tableooo="http://openoffice.org/2009/table" xmlns:drawooo="http://openoffice.org/2010/draw" xmlns:loext="urn:org:documentfoundation:names:experimental:office:xmlns:loext:1.0" xmlns:dom="http://www.w3.org/2001/xml-events" xmlns:field="urn:openoffice:names:experimental:ooo-ms-interop:xmlns:field:1.0" xmlns:xsd="http://www.w3.org/2001/XMLSchema" xmlns:math="http://www.w3.org/1998/Math/MathML" xmlns:form="urn:oasis:names:tc:opendocument:xmlns:form:1.0" xmlns:script="urn:oasis:names:tc:opendocument:xmlns:script:1.0" xmlns:xforms="http://www.w3.org/2002/xforms" office:version="1.3"><office:scripts/><office:font-face-decls><style:font-face style:name="Lohit Devanagari2" svg:font-family="&apos;Lohit Devanagari&apos;"/><style:font-face style:name="Liberation Sans2" svg:font-family="&apos;Liberation Sans&apos;" style:font-family-generic="swiss"/><style:font-face style:name="Noto Sans Pahawh Hmong" svg:font-family="&apos;Noto Sans Pahawh Hmong&apos;" style:font-family-generic="swiss"/><style:font-face style:name="Verdana1" svg:font-family="Verdana" style:font-family-generic="swiss"/><style:font-face style:name="Lohit Devanagari1" svg:font-family="&apos;Lohit Devanagari&apos;" style:font-pitch="variable"/><style:font-face style:name="Liberation Sans1" svg:font-family="&apos;Liberation Sans&apos;" style:font-family-generic="roman" style:font-pitch="variable"/><style:font-face style:name="Liberation Serif" svg:font-family="&apos;Liberation Serif&apos;" style:font-family-generic="roman" style:font-pitch="variable"/><style:font-face style:name="Noto Sans" svg:font-family="&apos;Noto Sans&apos;" style:font-family-generic="roman" style:font-pitch="variable"/><style:font-face style:name="Arial" svg:font-family="Arial" style:font-family-generic="swiss" style:font-pitch="variable"/><style:font-face style:name="Liberation Sans" svg:font-family="&apos;Liberation Sans&apos;" style:font-family-generic="swiss" style:font-pitch="variable"/><style:font-face style:name="Lohit Devanagari3" svg:font-family="&apos;Lohit Devanagari&apos;" style:font-family-generic="swiss" style:font-pitch="variable"/><style:font-face style:name="Noto Sans CJK SC" svg:font-family="&apos;Noto Sans CJK SC&apos;" style:font-family-generic="swiss" style:font-pitch="variable"/><style:font-face style:name="Verdana" svg:font-family="Verdana" style:font-family-generic="swiss" style:font-pitch="variable"/><style:font-face style:name="Lohit Devanagari" svg:font-family="&apos;Lohit Devanagari&apos;" style:font-family-generic="system" style:font-pitch="variable"/><style:font-face style:name="Noto Sans CJK SC1" svg:font-family="&apos;Noto Sans CJK SC&apos;" style:font-family-generic="system" style:font-pitch="variable"/><style:font-face style:name="Tahoma" svg:font-family="Tahoma" style:font-family-generic="system" style:font-pitch="variable"/></office:font-face-decls><office:automatic-styles><style:style style:name="dp1" style:family="drawing-page"/><style:style style:name="gr1" style:family="graphic" style:parent-style-name="standard" style:list-style-name="L1"><style:graphic-properties draw:fill="none" draw:textarea-horizontal-align="left" draw:textarea-vertical-align="middle" draw:auto-grow-height="false" fo:min-height="1.026cm" fo:min-width="5.8cm"/><style:paragraph-properties style:writing-mode="lr-tb"/></style:style><style:style style:name="gr2" style:family="graphic" style:parent-style-name="standard"><style:graphic-properties draw:stroke="none" svg:stroke-color="#000000" draw:fill="none" draw:fill-color="#ffffff" fo:min-height="0.771cm"/><style:paragraph-properties style:writing-mode="lr-tb"/></style:style><style:style style:name="gr3" style:family="graphic" style:parent-style-name="objectwithoutfill"><style:graphic-properties draw:marker-end="Pontas_20_das_20_setas_20_1" draw:marker-end-width="0.3cm" draw:fill="none" draw:textarea-vertical-align="middle"/><style:paragraph-properties style:writing-mode="lr-tb"/></style:style><style:style style:name="gr4" style:family="graphic" style:parent-style-name="objectwithoutfill"><style:graphic-properties draw:marker-end="Pontas_20_das_20_setas_20_2" draw:marker-end-width="0.3cm" draw:fill="none" draw:textarea-vertical-align="middle"/><style:paragraph-properties style:writing-mode="lr-tb"/></style:style><style:style style:name="gr5" style:family="graphic" style:parent-style-name="standard"><style:graphic-properties draw:fill="none" draw:textarea-horizontal-align="justify" draw:textarea-vertical-align="middle" draw:auto-grow-height="false" fo:min-height="4.467cm" fo:min-width="9.518cm"/><style:paragraph-properties style:writing-mode="lr-tb"/></style:style><style:style style:name="gr6" style:family="graphic" style:parent-style-name="standard"><style:graphic-properties draw:stroke="solid" svg:stroke-color="#000000" draw:fill="none" draw:fill-color="#ffffff" fo:min-height="9.237cm"/><style:paragraph-properties style:writing-mode="lr-tb"/></style:style><style:style style:name="gr7" style:family="graphic" style:parent-style-name="standard"><style:graphic-properties draw:stroke="none" svg:stroke-color="#000000" draw:fill="none" draw:fill-color="#ffffff" fo:min-height="3.5cm"/><style:paragraph-properties style:writing-mode="lr-tb"/></style:style><style:style style:name="gr8" style:family="graphic" style:parent-style-name="standard"><style:graphic-properties draw:stroke="solid" svg:stroke-color="#000000" draw:fill="none" draw:fill-color="#ffffff" fo:min-height="1.747cm"/><style:paragraph-properties style:writing-mode="lr-tb"/></style:style><style:style style:name="gr9" style:family="graphic" style:parent-style-name="objectwithoutfill"><style:graphic-properties draw:marker-end="Pontas_20_das_20_setas_20_3" draw:marker-end-width="0.3cm" draw:fill="none" draw:textarea-vertical-align="middle"/></style:style><style:style style:name="gr10" style:family="graphic" style:parent-style-name="standard" style:list-style-name="L1"><style:graphic-properties draw:fill="none" draw:textarea-horizontal-align="left" draw:textarea-vertical-align="middle" draw:auto-grow-height="false" fo:min-height="1.026cm" fo:min-width="5.8cm"/><style:paragraph-properties style:writing-mode="lr-tb"/></style:style><style:style style:name="gr11" style:family="graphic" style:parent-style-name="standard"><style:graphic-properties draw:fill="none" draw:textarea-horizontal-align="justify" draw:textarea-vertical-align="middle" draw:auto-grow-height="false" fo:min-height="3.925cm" fo:min-width="8.226cm"/><style:paragraph-properties style:writing-mode="lr-tb"/></style:style><style:style style:name="gr12" style:family="graphic" style:parent-style-name="standard"><style:graphic-properties draw:stroke="solid" svg:stroke-color="#000000" draw:fill="none" draw:fill-color="#ffffff" fo:min-height="0.75cm"/><style:paragraph-properties style:writing-mode="lr-tb"/></style:style><style:style style:name="gr13" style:family="graphic" style:parent-style-name="standard"><style:graphic-properties draw:stroke="solid" svg:stroke-color="#000000" draw:fill="none" draw:fill-color="#ffffff" fo:min-height="1cm"/><style:paragraph-properties style:writing-mode="lr-tb"/></style:style><style:style style:name="gr14" style:family="graphic" style:parent-style-name="standard"><style:graphic-properties draw:stroke="none" svg:stroke-color="#000000" draw:fill="none" draw:fill-color="#ffffff" fo:min-height="1.541cm"/><style:paragraph-properties style:writing-mode="lr-tb"/></style:style><style:style style:name="gr15" style:family="graphic" style:parent-style-name="standard"><style:graphic-properties draw:fill="none" draw:textarea-horizontal-align="justify" draw:textarea-vertical-align="middle" draw:auto-grow-height="false" fo:min-height="3.925cm" fo:min-width="24.076cm"/><style:paragraph-properties style:writing-mode="lr-tb"/></style:style><style:style style:name="gr16" style:family="graphic" style:parent-style-name="standard"><style:graphic-properties draw:fill="none" draw:textarea-horizontal-align="justify" draw:textarea-vertical-align="middle" draw:auto-grow-height="false" fo:min-height="4.917cm" fo:min-width="23.968cm"/><style:paragraph-properties style:writing-mode="lr-tb"/></style:style><style:style style:name="P1" style:family="paragraph"><style:paragraph-properties fo:margin-left="0cm" fo:margin-right="0cm" fo:margin-top="0cm" fo:margin-bottom="0cm" fo:line-height="100%" fo:text-align="center" fo:text-indent="0cm" style:writing-mode="lr-tb"/><style:text-properties style:font-name="Verdana" fo:font-size="11pt" style:font-size-asian="11pt" style:font-size-complex="11pt"/></style:style><style:style style:name="P2" style:family="paragraph"><loext:graphic-properties draw:fill="none"/><style:paragraph-properties fo:margin-left="0cm" fo:margin-right="0cm" fo:margin-top="0cm" fo:margin-bottom="0cm" fo:line-height="100%" fo:text-align="center" fo:text-indent="0cm" style:writing-mode="lr-tb"/><style:text-properties style:font-name="Verdana" fo:font-size="11pt" style:font-size-asian="11pt" style:font-size-complex="11pt"/></style:style><style:style style:name="P3" style:family="paragraph"><loext:graphic-properties draw:fill="none" draw:fill-color="#ffffff"/><style:paragraph-properties style:writing-mode="lr-tb"/><style:text-properties style:font-name="Verdana" fo:font-weight="bold" style:font-weight-asian="bold" style:font-weight-complex="bold"/></style:style><style:style style:name="P4" style:family="paragraph"><style:paragraph-properties fo:text-align="center"/></style:style><style:style style:name="P5" style:family="paragraph"><loext:graphic-properties draw:fill="none"/><style:paragraph-properties fo:text-align="center" style:writing-mode="lr-tb"/><style:text-properties style:font-name="Verdana" fo:font-size="12pt" style:font-size-asian="12pt" style:font-size-complex="12pt"/></style:style><style:style style:name="P6" style:family="paragraph"><style:paragraph-properties fo:text-align="start" style:writing-mode="lr-tb"/><style:text-properties style:font-name="Verdana"/></style:style><style:style style:name="P7" style:family="paragraph"><style:paragraph-properties fo:margin-left="0cm" fo:margin-right="0cm" fo:margin-top="0cm" fo:margin-bottom="0cm" fo:line-height="100%" fo:text-align="start" fo:text-indent="0cm" style:writing-mode="lr-tb"/><style:text-properties style:font-name="Verdana"/></style:style><style:style style:name="P8" style:family="paragraph"><loext:graphic-properties draw:fill="none"/><style:paragraph-properties fo:text-align="start" style:writing-mode="lr-tb"/><style:text-properties style:font-name="Verdana"/></style:style><style:style style:name="P9" style:family="paragraph"><style:paragraph-properties fo:margin-left="0cm" fo:margin-right="0cm" fo:text-align="justify" fo:text-indent="1cm"/></style:style><style:style style:name="P10" style:family="paragraph"><style:paragraph-properties fo:text-align="justify"/></style:style><style:style style:name="P11" style:family="paragraph"><loext:graphic-properties draw:fill="none" draw:fill-color="#ffffff"/><style:paragraph-properties fo:margin-left="0cm" fo:margin-right="0cm" fo:text-align="justify" fo:text-indent="1cm" style:writing-mode="lr-tb"/><style:text-properties fo:color="#000000" loext:opacity="100%" style:font-name="Arial" fo:font-size="12pt" style:font-size-asian="12pt" style:font-name-complex="Arial" style:font-size-complex="12pt" style:font-weight-complex="bold"/></style:style><style:style style:name="P12" style:family="paragraph"><loext:graphic-properties draw:fill="none" draw:fill-color="#ffffff"/><style:paragraph-properties style:writing-mode="lr-tb"/></style:style><style:style style:name="P13" style:family="paragraph"><loext:graphic-properties draw:fill="none"/><style:paragraph-properties fo:text-align="center"/></style:style><style:style style:name="T1" style:family="text"><style:text-properties fo:font-variant="normal" fo:text-transform="none" style:use-window-font-color="true" loext:opacity="0%" style:text-outline="false" style:text-line-through-style="none" style:text-line-through-type="none" style:font-name="Verdana" fo:font-size="12pt" fo:font-style="normal" fo:text-shadow="none" style:text-underline-style="none" fo:font-weight="normal" style:letter-kerning="true" style:font-name-asian="Liberation Sans2" style:font-size-asian="12pt" style:font-style-asian="normal" style:font-weight-asian="normal" style:font-name-complex="Liberation Sans2" style:font-size-complex="12pt" style:font-style-complex="normal" style:font-weight-complex="normal" style:text-emphasize="none" style:font-relief="none" style:text-overline-style="none" style:text-overline-color="font-color"/></style:style><style:style style:name="T2" style:family="text"><style:text-properties style:font-name="Verdana" fo:font-weight="bold" style:font-weight-asian="bold" style:font-weight-complex="bold"/></style:style><style:style style:name="T3" style:family="text"><style:text-properties style:font-name="Verdana" fo:font-size="12pt" style:font-size-asian="12pt" style:font-size-complex="12pt"/></style:style><style:style style:name="T4" style:family="text"><style:text-properties style:font-name="Verdana" fo:font-size="12pt" fo:font-weight="bold" style:font-size-asian="12pt" style:font-weight-asian="bold" style:font-size-complex="12pt" style:font-weight-complex="bold"/></style:style><style:style style:name="T5" style:family="text"><style:text-properties fo:font-variant="normal" fo:text-transform="none" style:use-window-font-color="true" loext:opacity="0%" style:text-outline="false" style:text-line-through-style="none" style:text-line-through-type="none" style:font-name="Verdana" fo:font-size="12pt" fo:font-style="normal" fo:text-shadow="none" style:text-underline-style="none" fo:font-weight="normal" style:letter-kerning="true" style:font-name-asian="Verdana1" style:font-size-asian="12pt" style:font-style-asian="normal" style:font-weight-asian="normal" style:font-name-complex="Verdana1" style:font-size-complex="12pt" style:font-style-complex="normal" style:font-weight-complex="normal" style:text-emphasize="none" style:font-relief="none" style:text-overline-style="none" style:text-overline-color="font-color"/></style:style><style:style style:name="T6" style:family="text"><style:text-properties fo:font-variant="normal" fo:text-transform="none" style:use-window-font-color="true" loext:opacity="0%" style:text-outline="false" style:text-line-through-style="none" style:text-line-through-type="none" style:font-name="Verdana1" fo:font-size="12pt" fo:font-style="normal" fo:text-shadow="none" style:text-underline-style="none" fo:font-weight="normal" style:letter-kerning="true" style:font-name-asian="Verdana1" style:font-size-asian="12pt" style:font-style-asian="normal" style:font-weight-asian="normal" style:font-name-complex="Verdana1" style:font-size-complex="12pt" style:font-style-complex="normal" style:font-weight-complex="normal" style:text-emphasize="none" style:font-relief="none" style:text-overline-style="none" style:text-overline-color="font-color"/></style:style><style:style style:name="T7" style:family="text"><style:text-properties fo:color="#000000" loext:opacity="100%" style:font-name="Arial" fo:font-size="12pt" fo:font-weight="bold" style:font-size-asian="12pt" style:font-weight-asian="bold" style:font-name-complex="Arial" style:font-size-complex="12pt" style:font-weight-complex="bold"/></style:style><style:style style:name="T8" style:family="text"><style:text-properties fo:color="#000000" loext:opacity="100%" style:font-name="Arial" fo:font-size="12pt" style:font-size-asian="12pt" style:font-name-complex="Arial" style:font-size-complex="12pt"/></style:style><style:style style:name="T9" style:family="text"><style:text-properties fo:font-size="12pt" style:font-size-asian="12pt" style:font-size-complex="12pt"/></style:style><style:style style:name="T10" style:family="text"><style:text-properties style:font-name="Verdana"/></style:style><style:style style:name="T11" style:family="text"><style:text-properties style:font-name="Verdana1" style:font-name-asian="Verdana1" style:font-name-complex="Verdana1"/></style:style><style:style style:name="T12" style:family="text"><style:text-properties style:font-name="Verdana" style:font-name-asian="Verdana1" style:font-name-complex="Verdana1"/></style:style><style:style style:name="T13" style:family="text"><style:text-properties fo:font-variant="normal" fo:text-transform="none" style:use-window-font-color="true" loext:opacity="0%" style:text-outline="false" style:text-line-through-style="none" style:text-line-through-type="none" style:font-name="Liberation Sans2" fo:font-size="18pt" fo:font-style="normal" fo:text-shadow="none" style:text-underline-style="none" fo:font-weight="normal" style:letter-kerning="true" style:font-name-asian="Liberation Sans2" style:font-size-asian="18pt" style:font-style-asian="normal" style:font-weight-asian="normal" style:font-name-complex="Liberation Sans2" style:font-size-complex="18pt" style:font-style-complex="normal" style:font-weight-complex="normal" style:text-emphasize="none" style:font-relief="none" style:text-overline-style="none" style:text-overline-color="font-color"/></style:style><style:style style:name="T14" style:family="text"><style:text-properties fo:font-variant="normal" fo:text-transform="none" style:use-window-font-color="true" loext:opacity="0%" style:text-outline="false" style:text-line-through-style="none" style:text-line-through-type="none" style:font-name="Verdana" fo:font-size="18pt" fo:font-style="normal" fo:text-shadow="none" style:text-underline-style="none" fo:font-weight="normal" style:letter-kerning="true" style:font-name-asian="Verdana1" style:font-size-asian="18pt" style:font-style-asian="normal" style:font-weight-asian="normal" style:font-name-complex="Verdana1" style:font-size-complex="18pt" style:font-style-complex="normal" style:font-weight-complex="normal" style:text-emphasize="none" style:font-relief="none" style:text-overline-style="none" style:text-overline-color="font-color"/></style:style><style:style style:name="T15" style:family="text"><style:text-properties fo:font-variant="normal" fo:text-transform="none" style:use-window-font-color="true" loext:opacity="0%" style:text-outline="false" style:text-line-through-style="none" style:text-line-through-type="none" style:font-name="Verdana" fo:font-size="18pt" fo:font-style="normal" fo:text-shadow="none" style:text-underline-style="none" fo:font-weight="normal" style:letter-kerning="true" style:font-name-asian="Noto Sans CJK SC1" style:font-size-asian="18pt" style:font-style-asian="normal" style:font-weight-asian="normal" style:font-name-complex="Lohit Devanagari" style:font-size-complex="18pt" style:font-style-complex="normal" style:font-weight-complex="normal" style:text-emphasize="none" style:font-relief="none" style:text-overline-style="none" style:text-overline-color="font-color"/></style:style><style:style style:name="T16" style:family="text"><style:text-properties style:font-name="Liberation Sans2" style:font-name-asian="Liberation Sans2" style:font-name-complex="Liberation Sans2"/></style:style><text:list-style style:name="L1"><text:list-level-style-bullet text:level="1" text:bullet-char="●"><style:list-level-properties text:min-label-width="0.6cm"/><style:text-properties fo:font-family="StarSymbol" style:use-window-font-color="true" fo:font-size="45%"/></text:list-level-style-bullet><text:list-level-style-bullet text:level="2" text:bullet-char="●"><style:list-level-properties text:space-before="0.6cm" text:min-label-width="0.6cm"/><style:text-properties fo:font-family="StarSymbol" style:use-window-font-color="true" fo:font-size="45%"/></text:list-level-style-bullet><text:list-level-style-bullet text:level="3" text:bullet-char="●"><style:list-level-properties text:space-before="1.2cm" text:min-label-width="0.6cm"/><style:text-properties fo:font-family="StarSymbol" style:use-window-font-color="true" fo:font-size="45%"/></text:list-level-style-bullet><text:list-level-style-bullet text:level="4" text:bullet-char="●"><style:list-level-properties text:space-before="1.8cm" text:min-label-width="0.6cm"/><style:text-properties fo:font-family="StarSymbol" style:use-window-font-color="true" fo:font-size="45%"/></text:list-level-style-bullet><text:list-level-style-bullet text:level="5" text:bullet-char="●"><style:list-level-properties text:space-before="2.4cm" text:min-label-width="0.6cm"/><style:text-properties fo:font-family="StarSymbol" style:use-window-font-color="true" fo:font-size="45%"/></text:list-level-style-bullet><text:list-level-style-bullet text:level="6" text:bullet-char="●"><style:list-level-properties text:space-before="3cm" text:min-label-width="0.6cm"/><style:text-properties fo:font-family="StarSymbol" style:use-window-font-color="true" fo:font-size="45%"/></text:list-level-style-bullet><text:list-level-style-bullet text:level="7" text:bullet-char="●"><style:list-level-properties text:space-before="3.6cm" text:min-label-width="0.6cm"/><style:text-properties fo:font-family="StarSymbol" style:use-window-font-color="true" fo:font-size="45%"/></text:list-level-style-bullet><text:list-level-style-bullet text:level="8" text:bullet-char="●"><style:list-level-properties text:space-before="4.2cm" text:min-label-width="0.6cm"/><style:text-properties fo:font-family="StarSymbol" style:use-window-font-color="true" fo:font-size="45%"/></text:list-level-style-bullet><text:list-level-style-bullet text:level="9" text:bullet-char="●"><style:list-level-properties text:space-before="4.8cm" text:min-label-width="0.6cm"/><style:text-properties fo:font-family="StarSymbol" style:use-window-font-color="true" fo:font-size="45%"/></text:list-level-style-bullet><text:list-level-style-bullet text:level="10" text:bullet-char="●"><style:list-level-properties text:space-before="5.4cm" text:min-label-width="0.6cm"/><style:text-properties fo:font-family="StarSymbol" style:use-window-font-color="true" fo:font-size="45%"/></text:list-level-style-bullet></text:list-style></office:automatic-styles><office:body><office:drawing><draw:page draw:name="page1" draw:style-name="dp1" draw:master-page-name="Padrão"><draw:custom-shape draw:style-name="gr1" draw:text-style-name="P2" xml:id="id1" draw:id="id1" draw:layer="layout" svg:width="11.6cm" svg:height="2.05cm" svg:x="3cm" svg:y="2.45cm"><text:p text:style-name="P1"><text:span text:style-name="T1">Há ciência da decisão recorrida?</text:span></text:p><draw:enhanced-geometry svg:viewBox="0 0 21600 21600" draw:glue-points="10800 0 0 10800 10800 21600 21600 10800" draw:text-areas="5400 5400 16200 16200" draw:type="flowchart-decision" draw:enhanced-path="M 0 10800 L 10800 0 21600 10800 10800 21600 0 10800 Z N"/></draw:custom-shape><draw:frame draw:style-name="gr2" draw:text-style-name="P3" draw:layer="layout" svg:width="8cm" svg:height="0.771cm" svg:x="1.1cm" svg:y="1cm"><draw:text-box><text:p><text:span text:style-name="T2">ADMISSIBILIDADE</text:span></text:p></draw:text-box></draw:frame><draw:connector draw:style-name="gr3" draw:text-style-name="P5" draw:layer="layout" draw:type="line" svg:x1="8.8cm" svg:y1="4.5cm" svg:x2="15.694cm" svg:y2="5.944cm" draw:start-shape="id1" draw:start-glue-point="6" svg:d="M8800 4500l6894 1444" svg:viewBox="0 0 6895 1445"><text:p text:style-name="P4"><text:span text:style-name="T3"><text:s text:c="18"/></text:span><text:span text:style-name="T4">Não</text:span></text:p></draw:connector><draw:connector draw:style-name="gr4" draw:text-style-name="P5" draw:layer="layout" draw:type="line" svg:x1="8.8cm" svg:y1="4.5cm" svg:x2="6.307cm" svg:y2="5.654cm" draw:start-shape="id1" draw:start-glue-point="6" svg:d="M8800 4500l-2493 1154" svg:viewBox="0 0 2494 1155"><text:p text:style-name="P4"><text:span text:style-name="T3"><text:s text:c="11"/></text:span><text:span text:style-name="T3">Sim</text:span></text:p></draw:connector><draw:custom-shape draw:style-name="gr5" draw:text-style-name="P8" xml:id="id2" draw:id="id2" draw:layer="layout" svg:width="10cm" svg:height="4.949cm" svg:x="1.1cm" svg:y="5.801cm"><text:p text:style-name="P6"><text:span text:style-name="T1">Data da ciência: ___/___/_____.</text:span></text:p><text:p text:style-name="P7"><text:span text:style-name="T1">Data da interposição:___/___/_____.</text:span></text:p><text:p text:style-name="P7"><text:span text:style-name="T1"/></text:p><text:p text:style-name="P7"><text:span text:style-name="T5"><text:s/></text:span><text:span text:style-name="T6">◦ <text:s/></text:span><text:span text:style-name="T6">Tempestivo</text:span></text:p><text:p text:style-name="P7"><text:span text:style-name="T6"><text:s/>● </text:span><text:span text:style-name="T5">Intempestivo - relevar a intempestividade.</text:span></text:p><text:p text:style-name="P7"><text:span text:style-name="T6"><text:s/>◦ <text:s/></text:span><text:span text:style-name="T5">Intempestivo sem prova inequívoca</text:span></text:p><draw:enhanced-geometry svg:viewBox="0 0 21600 21600" draw:path-stretchpoint-x="10800" draw:path-stretchpoint-y="10800" draw:text-areas="?f3 ?f4 ?f5 ?f6" draw:type="round-rectangle" draw:modifiers="3600" draw:enhanced-path="M ?f7 0 X 0 ?f8 L 0 ?f9 Y ?f7 21600 L ?f10 21600 X 21600 ?f9 L 21600 ?f8 Y ?f10 0 Z N"><draw:equation draw:name="f0" draw:formula="45"/><draw:equation draw:name="f1" draw:formula="$0 *sin(?f0 *(pi/180))"/><draw:equation draw:name="f2" draw:formula="?f1 *3163/7636"/><draw:equation draw:name="f3" draw:formula="left+?f2 "/><draw:equation draw:name="f4" draw:formula="top+?f2 "/><draw:equation draw:name="f5" draw:formula="right-?f2 "/><draw:equation draw:name="f6" draw:formula="bottom-?f2 "/><draw:equation draw:name="f7" draw:formula="left+$0 "/><draw:equation draw:name="f8" draw:formula="top+$0 "/><draw:equation draw:name="f9" draw:formula="bottom-$0 "/><draw:equation draw:name="f10" draw:formula="right-$0 "/><draw:handle draw:handle-position="$0 top" draw:handle-switched="true" draw:handle-range-x-minimum="0" draw:handle-range-x-maximum="10800"/></draw:enhanced-geometry></draw:custom-shape><draw:frame draw:style-name="gr2" draw:text-style-name="P3" draw:layer="layout" svg:width="8cm" svg:height="0.771cm" svg:x="1cm" svg:y="17.029cm"><draw:text-box><text:p><text:span text:style-name="T2">REPRESENTAÇÃO</text:span></text:p></draw:text-box></draw:frame><draw:frame draw:style-name="gr6" draw:text-style-name="P11" draw:layer="layout" svg:width="13cm" svg:height="9.237cm" svg:x="15.75cm" svg:y="2.013cm"><draw:text-box><text:p text:style-name="P9"><text:span text:style-name="T7">RECURSO TEMPESTIVO SEM REGISTRO DA CIÊNCIA</text:span></text:p><text:p text:style-name="P9"><text:span text:style-name="T7"/></text:p><text:p text:style-name="P9"><text:span text:style-name="T7">RELATÓRIO</text:span></text:p><text:p text:style-name="P9"><text:span text:style-name="T8"/></text:p><text:p text:style-name="P10"><text:span text:style-name="T9">Não há registro da ciência da decisão recorrida.</text:span></text:p><text:p text:style-name="P10"><text:span text:style-name="T9"/></text:p><text:p text:style-name="P9"><text:span text:style-name="T7">VOTO</text:span></text:p><text:p text:style-name="P9"><text:span text:style-name="T8"/></text:p><text:p text:style-name="P9"><text:span text:style-name="T8">ADMISSIBILIDADE</text:span></text:p><text:p text:style-name="P9"><text:span text:style-name="T8"/></text:p><text:p text:style-name="P9"><text:span text:style-name="T8">O presente recurso é tempestivo em razão de inexistir registro o processo da ciência da parte recorrente, nos termos Art. 28 da Portaria MDSA nº 116/2017, que aprova o Regimento Interno do CRPS (RICRPS).</text:span></text:p><text:p text:style-name="P9"><text:span text:style-name="T8"/></text:p><text:p text:style-name="P9"><text:span text:style-name="T7">EMENTA</text:span></text:p><text:p text:style-name="P9"><text:span text:style-name="T8"/></text:p><text:p text:style-name="P10"><text:span text:style-name="T9">TEMPESTIVIDADE EM RAZÃO DA AUSÊNCIA DO REGISTRO DE CIÊNCIA, CONFORME ART. 28 DO RICRPS.</text:span></text:p></draw:text-box></draw:frame><draw:frame draw:style-name="gr7" draw:text-style-name="P12" draw:layer="layout" svg:width="7cm" svg:height="3.5cm" svg:x="2.5cm" svg:y="12cm"><draw:text-box><text:p/><text:p/></draw:text-box></draw:frame><draw:frame draw:style-name="gr8" draw:text-style-name="P11" xml:id="id3" draw:id="id3" draw:layer="layout" svg:width="13cm" svg:height="1.747cm" svg:x="1.2cm" svg:y="12.75cm"><draw:text-box><text:p text:style-name="P9"><text:span text:style-name="T7">RECURSO TEMPESTIVO</text:span></text:p><text:p text:style-name="P9"><text:span text:style-name="T7">RECURSO INTEMPESTIVO</text:span></text:p><text:p text:style-name="P9"><text:span text:style-name="T7">RECURSO RELEVADA INTEMPESTIVIDADE</text:span></text:p></draw:text-box></draw:frame><draw:connector draw:style-name="gr9" draw:text-style-name="P13" draw:layer="layout" draw:type="line" svg:x1="6.1cm" svg:y1="10.75cm" svg:x2="7.7cm" svg:y2="12.75cm" draw:start-shape="id2" draw:start-glue-point="2" draw:end-shape="id3" draw:end-glue-point="0" svg:d="M6100 10750l1600 2000" svg:viewBox="0 0 1601 2001"><text:p/></draw:connector><draw:custom-shape draw:style-name="gr10" draw:text-style-name="P2" xml:id="id4" draw:id="id4" draw:layer="layout" svg:width="11.6cm" svg:height="2.05cm" svg:x="3cm" svg:y="18.75cm"><text:p text:style-name="P1"><text:span text:style-name="T1">Há procurador (a) constituído</text:span></text:p><draw:enhanced-geometry svg:viewBox="0 0 21600 21600" draw:glue-points="10800 0 0 10800 10800 21600 21600 10800" draw:text-areas="5400 5400 16200 16200" draw:type="flowchart-decision" draw:enhanced-path="M 0 10800 L 10800 0 21600 10800 10800 21600 0 10800 Z N"/></draw:custom-shape><draw:connector draw:style-name="gr3" draw:text-style-name="P5" draw:layer="layout" draw:type="line" svg:x1="8.8cm" svg:y1="20.8cm" svg:x2="12.396cm" svg:y2="22.2cm" draw:start-shape="id4" draw:start-glue-point="6" draw:end-shape="id5" draw:end-glue-point="0" svg:d="M8800 20800l3596 1400" svg:viewBox="0 0 3597 1401"><text:p text:style-name="P4"><text:span text:style-name="T3"><text:s text:c="18"/></text:span><text:span text:style-name="T4">Não</text:span></text:p></draw:connector><draw:connector draw:style-name="gr4" draw:text-style-name="P5" draw:layer="layout" draw:type="line" svg:x1="8.8cm" svg:y1="20.8cm" svg:x2="6.307cm" svg:y2="21.954cm" draw:start-shape="id4" draw:start-glue-point="6" svg:d="M8800 20800l-2493 1154" svg:viewBox="0 0 2494 1155"><text:p text:style-name="P4"><text:span text:style-name="T3"><text:s text:c="11"/></text:span><text:span text:style-name="T3">Sim</text:span></text:p></draw:connector><draw:custom-shape draw:style-name="gr11" draw:text-style-name="P8" xml:id="id6" draw:id="id6" draw:layer="layout" svg:width="8.65cm" svg:height="4.349cm" svg:x="1.1cm" svg:y="22.101cm"><text:p text:style-name="P6"><text:span text:style-name="T1">Nome completo do procurador (a).</text:span></text:p><text:p text:style-name="P6"><text:span text:style-name="T1">_______________________________</text:span></text:p><text:p text:style-name="P6"><text:span text:style-name="T1"/></text:p><text:p text:style-name="P6"><text:span text:style-name="T1">Tipo Documento (RG/CPF/OAB);</text:span></text:p><text:p text:style-name="P6"><text:span text:style-name="T1"/></text:p><text:p text:style-name="P6"><text:span text:style-name="T1">Nº documento procurador __________</text:span></text:p><draw:enhanced-geometry svg:viewBox="0 0 21600 21600" draw:path-stretchpoint-x="10800" draw:path-stretchpoint-y="10800" draw:text-areas="?f3 ?f4 ?f5 ?f6" draw:type="round-rectangle" draw:modifiers="3600" draw:enhanced-path="M ?f7 0 X 0 ?f8 L 0 ?f9 Y ?f7 21600 L ?f10 21600 X 21600 ?f9 L 21600 ?f8 Y ?f10 0 Z N"><draw:equation draw:name="f0" draw:formula="45"/><draw:equation draw:name="f1" draw:formula="$0 *sin(?f0 *(pi/180))"/><draw:equation draw:name="f2" draw:formula="?f1 *3163/7636"/><draw:equation draw:name="f3" draw:formula="left+?f2 "/><draw:equation draw:name="f4" draw:formula="top+?f2 "/><draw:equation draw:name="f5" draw:formula="right-?f2 "/><draw:equation draw:name="f6" draw:formula="bottom-?f2 "/><draw:equation draw:name="f7" draw:formula="left+$0 "/><draw:equation draw:name="f8" draw:formula="top+$0 "/><draw:equation draw:name="f9" draw:formula="bottom-$0 "/><draw:equation draw:name="f10" draw:formula="right-$0 "/><draw:handle draw:handle-position="$0 top" draw:handle-switched="true" draw:handle-range-x-minimum="0" draw:handle-range-x-maximum="10800"/></draw:enhanced-geometry></draw:custom-shape><draw:frame draw:style-name="gr7" draw:text-style-name="P12" draw:layer="layout" svg:width="7cm" svg:height="3.5cm" svg:x="2.5cm" svg:y="27cm"><draw:text-box><text:p/><text:p/></draw:text-box></draw:frame><draw:frame draw:style-name="gr12" draw:text-style-name="P11" xml:id="id7" draw:id="id7" draw:layer="layout" svg:width="13cm" svg:height="0.75cm" svg:x="1.2cm" svg:y="27.75cm"><draw:text-box><text:p text:style-name="P9"><text:span text:style-name="T7">PROCURADOR CONSTITUÍDO</text:span></text:p></draw:text-box></draw:frame><draw:connector draw:style-name="gr9" draw:text-style-name="P13" draw:layer="layout" draw:type="line" svg:x1="5.425cm" svg:y1="26.45cm" svg:x2="7.7cm" svg:y2="27.75cm" draw:start-shape="id6" draw:start-glue-point="2" draw:end-shape="id7" draw:end-glue-point="0" svg:d="M5425 26450l2275 1300" svg:viewBox="0 0 2276 1301"><text:p/></draw:connector><draw:frame draw:style-name="gr13" draw:text-style-name="P11" xml:id="id5" draw:id="id5" draw:layer="layout" svg:width="3.208cm" svg:height="1cm" svg:x="10.792cm" svg:y="22.2cm"><draw:text-box><text:p text:style-name="P9"><text:span text:style-name="T7">NADA</text:span></text:p></draw:text-box></draw:frame></draw:page><draw:page draw:name="page2" draw:style-name="dp1" draw:master-page-name="Padrão"><draw:frame draw:style-name="gr14" draw:text-style-name="P3" draw:layer="layout" svg:width="11.25cm" svg:height="1.541cm" svg:x="1cm" svg:y="8.8cm"><draw:text-box><text:p><text:span text:style-name="T2">PONTOS CONTROVERTIDOS</text:span></text:p></draw:text-box></draw:frame><draw:custom-shape draw:style-name="gr15" draw:text-style-name="P8" draw:layer="layout" svg:width="24.5cm" svg:height="4.349cm" svg:x="0.5cm" svg:y="10cm"><text:p text:style-name="P6"><text:span text:style-name="T1"/></text:p><draw:enhanced-geometry svg:viewBox="0 0 21600 21600" draw:path-stretchpoint-x="10800" draw:path-stretchpoint-y="10800" draw:text-areas="?f3 ?f4 ?f5 ?f6" draw:type="round-rectangle" draw:modifiers="3600" draw:enhanced-path="M ?f7 0 X 0 ?f8 L 0 ?f9 Y ?f7 21600 L ?f10 21600 X 21600 ?f9 L 21600 ?f8 Y ?f10 0 Z N"><draw:equation draw:name="f0" draw:formula="45"/><draw:equation draw:name="f1" draw:formula="$0 *sin(?f0 *(pi/180))"/><draw:equation draw:name="f2" draw:formula="?f1 *3163/7636"/><draw:equation draw:name="f3" draw:formula="left+?f2 "/><draw:equation draw:name="f4" draw:formula="top+?f2 "/><draw:equation draw:name="f5" draw:formula="right-?f2 "/><draw:equation draw:name="f6" draw:formula="bottom-?f2 "/><draw:equation draw:name="f7" draw:formula="left+$0 "/><draw:equation draw:name="f8" draw:formula="top+$0 "/><draw:equation draw:name="f9" draw:formula="bottom-$0 "/><draw:equation draw:name="f10" draw:formula="right-$0 "/><draw:handle draw:handle-position="$0 top" draw:handle-switched="true" draw:handle-range-x-minimum="0" draw:handle-range-x-maximum="10800"/></draw:enhanced-geometry></draw:custom-shape><draw:frame draw:style-name="gr12" draw:text-style-name="P11" draw:layer="layout" svg:width="13cm" svg:height="0.75cm" svg:x="1.2cm" svg:y="16.021cm"><draw:text-box><text:p text:style-name="P9"><text:span text:style-name="T7">PROCURADOR CONSTITUÍDO</text:span></text:p></draw:text-box></draw:frame><draw:frame draw:style-name="gr14" draw:text-style-name="P3" draw:layer="layout" svg:width="11.25cm" svg:height="1.541cm" svg:x="1.001cm" svg:y="1.101cm"><draw:text-box><text:p><text:span text:style-name="T2">CONHECIMENTO</text:span></text:p></draw:text-box></draw:frame><draw:custom-shape draw:style-name="gr16" draw:text-style-name="P8" draw:layer="layout" svg:width="24.5cm" svg:height="5.449cm" svg:x="0.501cm" svg:y="2.301cm"><text:p text:style-name="P6"><text:span text:style-name="T10"/></text:p><text:p text:style-name="P7"><text:span text:style-name="T11">●</text:span><text:span text:style-name="T12"> </text:span><text:span text:style-name="T10">CONHECER E DAR PROVIMENTO;</text:span></text:p><text:p text:style-name="P7"><text:span text:style-name="T13">○</text:span><text:span text:style-name="T14"> </text:span><text:span text:style-name="T15">CONHECER E DAR PROVIMENTO PARCIAL;</text:span></text:p><text:p text:style-name="P6"><text:span text:style-name="T16">○</text:span><text:span text:style-name="T12"> </text:span><text:span text:style-name="T10">CONHECER E NEGAR PROVIMENTO;NÃO CONHECER – Intempestividade;</text:span></text:p><text:p text:style-name="P7"><text:span text:style-name="T16">○</text:span><text:span text:style-name="T12"> </text:span><text:span text:style-name="T10">NÃO CONHECER – Existência ação judicial;</text:span></text:p><text:p text:style-name="P7"><text:span text:style-name="T16">○</text:span><text:span text:style-name="T12"> </text:span><text:span text:style-name="T10">NÃO CONHECER – Perda do objeto;</text:span></text:p><text:p text:style-name="P6"/><draw:enhanced-geometry svg:viewBox="0 0 21600 21600" draw:path-stretchpoint-x="10800" draw:path-stretchpoint-y="10800" draw:text-areas="?f3 ?f4 ?f5 ?f6" draw:type="round-rectangle" draw:modifiers="3600" draw:enhanced-path="M ?f7 0 X 0 ?f8 L 0 ?f9 Y ?f7 21600 L ?f10 21600 X 21600 ?f9 L 21600 ?f8 Y ?f10 0 Z N"><draw:equation draw:name="f0" draw:formula="45"/><draw:equation draw:name="f1" draw:formula="$0 *sin(?f0 *(pi/180))"/><draw:equation draw:name="f2" draw:formula="?f1 *3163/7636"/><draw:equation draw:name="f3" draw:formula="left+?f2 "/><draw:equation draw:name="f4" draw:formula="top+?f2 "/><draw:equation draw:name="f5" draw:formula="right-?f2 "/><draw:equation draw:name="f6" draw:formula="bottom-?f2 "/><draw:equation draw:name="f7" draw:formula="left+$0 "/><draw:equation draw:name="f8" draw:formula="top+$0 "/><draw:equation draw:name="f9" draw:formula="bottom-$0 "/><draw:equation draw:name="f10" draw:formula="right-$0 "/><draw:handle draw:handle-position="$0 top" draw:handle-switched="true" draw:handle-range-x-minimum="0" draw:handle-range-x-maximum="10800"/></draw:enhanced-geometry></draw:custom-shape></draw:page></office:drawing></office:body></office:document-content>