<?xml version="1.0" encoding="UTF-8"?>
<office:document-meta xmlns:presentation="urn:oasis:names:tc:opendocument:xmlns:presentation:1.0" xmlns:officeooo="http://openoffice.org/2009/office" xmlns:grddl="http://www.w3.org/2003/g/data-view#" xmlns:anim="urn:oasis:names:tc:opendocument:xmlns:animation:1.0" xmlns:meta="urn:oasis:names:tc:opendocument:xmlns:meta:1.0" xmlns:smil="urn:oasis:names:tc:opendocument:xmlns:smil-compatible:1.0" xmlns:dc="http://purl.org/dc/elements/1.1/" xmlns:xlink="http://www.w3.org/1999/xlink" xmlns:ooo="http://openoffice.org/2004/office" xmlns:office="urn:oasis:names:tc:opendocument:xmlns:office:1.0" office:version="1.3"><office:meta><meta:creation-date>2022-04-14T09:15:04.202003781</meta:creation-date><dc:date>2022-04-14T16:42:32.879907660</dc:date><meta:editing-duration>PT1H15M20S</meta:editing-duration><meta:editing-cycles>3</meta:editing-cycles><meta:generator>LibreOffice/7.0.4.2$Linux_X86_64 LibreOffice_project/00$Build-2</meta:generator><meta:document-statistic meta:object-count="23"/></office:meta></office:document-meta>