<?xml version="1.0" encoding="UTF-8"?>
<office:document-content xmlns:officeooo="http://openoffice.org/2009/office" xmlns:anim="urn:oasis:names:tc:opendocument:xmlns:animation:1.0" xmlns:smil="urn:oasis:names:tc:opendocument:xmlns:smil-compatible:1.0" xmlns:presentation="urn:oasis:names:tc:opendocument:xmlns:presentation:1.0" xmlns:css3t="http://www.w3.org/TR/css3-text/" xmlns:grddl="http://www.w3.org/2003/g/data-view#" xmlns:xhtml="http://www.w3.org/1999/xhtml" xmlns:formx="urn:openoffice:names:experimental:ooxml-odf-interop:xmlns:form:1.0" xmlns:xsi="http://www.w3.org/2001/XMLSchema-instance" xmlns:rpt="http://openoffice.org/2005/report" xmlns:dc="http://purl.org/dc/elements/1.1/" xmlns:chart="urn:oasis:names:tc:opendocument:xmlns:chart:1.0" xmlns:svg="urn:oasis:names:tc:opendocument:xmlns:svg-compatible:1.0" xmlns:draw="urn:oasis:names:tc:opendocument:xmlns:drawing:1.0" xmlns:text="urn:oasis:names:tc:opendocument:xmlns:text:1.0" xmlns:oooc="http://openoffice.org/2004/calc" xmlns:style="urn:oasis:names:tc:opendocument:xmlns:style:1.0" xmlns:ooow="http://openoffice.org/2004/writer" xmlns:meta="urn:oasis:names:tc:opendocument:xmlns:meta:1.0" xmlns:xlink="http://www.w3.org/1999/xlink" xmlns:fo="urn:oasis:names:tc:opendocument:xmlns:xsl-fo-compatible:1.0" xmlns:ooo="http://openoffice.org/2004/office" xmlns:office="urn:oasis:names:tc:opendocument:xmlns:office:1.0" xmlns:dr3d="urn:oasis:names:tc:opendocument:xmlns:dr3d:1.0" xmlns:table="urn:oasis:names:tc:opendocument:xmlns:table:1.0" xmlns:number="urn:oasis:names:tc:opendocument:xmlns:datastyle:1.0" xmlns:of="urn:oasis:names:tc:opendocument:xmlns:of:1.2" xmlns:calcext="urn:org:documentfoundation:names:experimental:calc:xmlns:calcext:1.0" xmlns:tableooo="http://openoffice.org/2009/table" xmlns:drawooo="http://openoffice.org/2010/draw" xmlns:loext="urn:org:documentfoundation:names:experimental:office:xmlns:loext:1.0" xmlns:dom="http://www.w3.org/2001/xml-events" xmlns:field="urn:openoffice:names:experimental:ooo-ms-interop:xmlns:field:1.0" xmlns:xsd="http://www.w3.org/2001/XMLSchema" xmlns:math="http://www.w3.org/1998/Math/MathML" xmlns:form="urn:oasis:names:tc:opendocument:xmlns:form:1.0" xmlns:script="urn:oasis:names:tc:opendocument:xmlns:script:1.0" xmlns:xforms="http://www.w3.org/2002/xforms" office:version="1.3"><office:scripts/><office:font-face-decls><style:font-face style:name="Liberation Sans2" svg:font-family="&apos;Liberation Sans&apos;" style:font-family-generic="swiss"/><style:font-face style:name="Liberation Sans" svg:font-family="&apos;Liberation Sans&apos;" style:font-family-generic="roman" style:font-pitch="variable"/><style:font-face style:name="Liberation Serif" svg:font-family="&apos;Liberation Serif&apos;" style:font-family-generic="roman" style:font-pitch="variable"/><style:font-face style:name="Noto Sans" svg:font-family="&apos;Noto Sans&apos;" style:font-family-generic="roman" style:font-pitch="variable"/><style:font-face style:name="Liberation Sans1" svg:font-family="&apos;Liberation Sans&apos;" style:font-family-generic="swiss" style:font-pitch="variable"/><style:font-face style:name="Verdana" svg:font-family="Verdana" style:font-family-generic="swiss" style:font-pitch="variable"/><style:font-face style:name="Lohit Devanagari" svg:font-family="&apos;Lohit Devanagari&apos;" style:font-family-generic="system" style:font-pitch="variable"/><style:font-face style:name="Noto Sans CJK SC" svg:font-family="&apos;Noto Sans CJK SC&apos;" style:font-family-generic="system" style:font-pitch="variable"/><style:font-face style:name="Tahoma" svg:font-family="Tahoma" style:font-family-generic="system" style:font-pitch="variable"/></office:font-face-decls><office:automatic-styles><style:style style:name="dp1" style:family="drawing-page"/><style:style style:name="gr1" style:family="graphic" style:parent-style-name="standard"><style:graphic-properties draw:fill="none" draw:textarea-horizontal-align="justify" draw:textarea-vertical-align="middle" draw:auto-grow-height="false" fo:min-height="0.878cm" fo:min-width="16.628cm"/><style:paragraph-properties style:writing-mode="lr-tb"/></style:style><style:style style:name="gr2" style:family="graphic" style:parent-style-name="standard"><style:graphic-properties draw:fill="none" draw:textarea-horizontal-align="justify" draw:textarea-vertical-align="middle" draw:auto-grow-height="false" fo:min-height="2.411cm" fo:min-width="9.711cm"/><style:paragraph-properties style:writing-mode="lr-tb"/></style:style><style:style style:name="gr3" style:family="graphic" style:parent-style-name="standard"><style:graphic-properties draw:fill="none" draw:textarea-horizontal-align="justify" draw:textarea-vertical-align="middle" draw:auto-grow-height="false" fo:min-height="0.776cm" fo:min-width="4.176cm"/><style:paragraph-properties style:writing-mode="lr-tb"/></style:style><style:style style:name="P1" style:family="paragraph"><style:paragraph-properties fo:text-align="center"/></style:style><style:style style:name="P2" style:family="paragraph"><loext:graphic-properties draw:fill="none"/><style:paragraph-properties fo:text-align="center"/><style:text-properties style:font-name="Verdana"/></style:style><style:style style:name="P3" style:family="paragraph"><style:paragraph-properties fo:text-align="start"/></style:style><style:style style:name="P4" style:family="paragraph"><loext:graphic-properties draw:fill="none"/><style:paragraph-properties fo:text-align="start"/><style:text-properties style:font-name="Verdana"/></style:style><style:style style:name="P5" style:family="paragraph"><loext:graphic-properties draw:fill="none"/><style:paragraph-properties fo:text-align="center"/><style:text-properties style:font-name="Verdana" fo:font-size="11pt" style:font-size-asian="11pt" style:font-size-complex="11pt"/></style:style><style:style style:name="T1" style:family="text"><style:text-properties fo:font-variant="normal" fo:text-transform="none" style:use-window-font-color="true" loext:opacity="0%" style:text-outline="false" style:text-line-through-style="none" style:text-line-through-type="none" style:font-name="Verdana" fo:font-size="12pt" fo:font-style="normal" fo:text-shadow="none" style:text-underline-style="none" fo:font-weight="normal" style:letter-kerning="true" style:font-name-asian="Liberation Sans2" style:font-size-asian="12pt" style:font-style-asian="normal" style:font-weight-asian="normal" style:font-name-complex="Liberation Sans2" style:font-size-complex="12pt" style:font-style-complex="normal" style:font-weight-complex="normal" style:text-emphasize="none" style:font-relief="none" style:text-overline-style="none" style:text-overline-color="font-color"/></style:style><style:style style:name="T2" style:family="text"><style:text-properties style:font-name="Verdana" fo:font-size="12pt" style:font-name-asian="Liberation Sans2" style:font-size-asian="12pt" style:font-name-complex="Liberation Sans2" style:font-size-complex="12pt"/></style:style><style:style style:name="T3" style:family="text"><style:text-properties fo:font-variant="normal" fo:text-transform="none" style:use-window-font-color="true" loext:opacity="0%" style:text-outline="false" style:text-line-through-style="none" style:text-line-through-type="none" style:font-name="Verdana" fo:font-size="12pt" fo:font-style="normal" fo:text-shadow="none" style:text-underline-style="none" fo:font-weight="normal" style:letter-kerning="true" style:font-size-asian="12pt" style:font-style-asian="normal" style:font-weight-asian="normal" style:font-size-complex="12pt" style:font-style-complex="normal" style:font-weight-complex="normal" style:text-emphasize="none" style:font-relief="none" style:text-overline-style="none" style:text-overline-color="font-color"/></style:style><style:style style:name="T4" style:family="text"><style:text-properties style:font-name="Verdana" fo:font-size="11pt" style:font-size-asian="11pt" style:font-size-complex="11pt"/></style:style><text:list-style style:name="L1"><text:list-level-style-bullet text:level="1" text:bullet-char="●"><style:list-level-properties text:min-label-width="0.6cm"/><style:text-properties fo:font-family="StarSymbol" style:use-window-font-color="true" fo:font-size="45%"/></text:list-level-style-bullet><text:list-level-style-bullet text:level="2" text:bullet-char="●"><style:list-level-properties text:space-before="0.6cm" text:min-label-width="0.6cm"/><style:text-properties fo:font-family="StarSymbol" style:use-window-font-color="true" fo:font-size="45%"/></text:list-level-style-bullet><text:list-level-style-bullet text:level="3" text:bullet-char="●"><style:list-level-properties text:space-before="1.2cm" text:min-label-width="0.6cm"/><style:text-properties fo:font-family="StarSymbol" style:use-window-font-color="true" fo:font-size="45%"/></text:list-level-style-bullet><text:list-level-style-bullet text:level="4" text:bullet-char="●"><style:list-level-properties text:space-before="1.8cm" text:min-label-width="0.6cm"/><style:text-properties fo:font-family="StarSymbol" style:use-window-font-color="true" fo:font-size="45%"/></text:list-level-style-bullet><text:list-level-style-bullet text:level="5" text:bullet-char="●"><style:list-level-properties text:space-before="2.4cm" text:min-label-width="0.6cm"/><style:text-properties fo:font-family="StarSymbol" style:use-window-font-color="true" fo:font-size="45%"/></text:list-level-style-bullet><text:list-level-style-bullet text:level="6" text:bullet-char="●"><style:list-level-properties text:space-before="3cm" text:min-label-width="0.6cm"/><style:text-properties fo:font-family="StarSymbol" style:use-window-font-color="true" fo:font-size="45%"/></text:list-level-style-bullet><text:list-level-style-bullet text:level="7" text:bullet-char="●"><style:list-level-properties text:space-before="3.6cm" text:min-label-width="0.6cm"/><style:text-properties fo:font-family="StarSymbol" style:use-window-font-color="true" fo:font-size="45%"/></text:list-level-style-bullet><text:list-level-style-bullet text:level="8" text:bullet-char="●"><style:list-level-properties text:space-before="4.2cm" text:min-label-width="0.6cm"/><style:text-properties fo:font-family="StarSymbol" style:use-window-font-color="true" fo:font-size="45%"/></text:list-level-style-bullet><text:list-level-style-bullet text:level="9" text:bullet-char="●"><style:list-level-properties text:space-before="4.8cm" text:min-label-width="0.6cm"/><style:text-properties fo:font-family="StarSymbol" style:use-window-font-color="true" fo:font-size="45%"/></text:list-level-style-bullet><text:list-level-style-bullet text:level="10" text:bullet-char="●"><style:list-level-properties text:space-before="5.4cm" text:min-label-width="0.6cm"/><style:text-properties fo:font-family="StarSymbol" style:use-window-font-color="true" fo:font-size="45%"/></text:list-level-style-bullet></text:list-style></office:automatic-styles><office:body><office:drawing><draw:page draw:name="page1" draw:style-name="dp1" draw:master-page-name="Padrão"><draw:custom-shape draw:style-name="gr1" draw:text-style-name="P2" draw:layer="layout" svg:width="17.25cm" svg:height="1.25cm" svg:x="1.75cm" svg:y="1.75cm"><text:p text:style-name="P1"><text:span text:style-name="T1">●</text:span><text:span text:style-name="T1">21 ○25 </text:span><text:span text:style-name="T1">○</text:span><text:span text:style-name="T1">31 </text:span><text:span text:style-name="T1">○</text:span><text:span text:style-name="T1">32 </text:span><text:span text:style-name="T1">○</text:span><text:span text:style-name="T1">41 </text:span><text:span text:style-name="T1">○</text:span><text:span text:style-name="T1">42 </text:span><text:span text:style-name="T1">○</text:span><text:span text:style-name="T1">46 </text:span><text:span text:style-name="T1">○</text:span><text:span text:style-name="T1">80 </text:span><text:span text:style-name="T1">○</text:span><text:span text:style-name="T1">87 </text:span><text:span text:style-name="T1">○</text:span><text:span text:style-name="T1">88 </text:span><text:span text:style-name="T1">○</text:span><text:span text:style-name="T1">CTC </text:span><text:span text:style-name="T1">○</text:span><text:span text:style-name="T1">Seg Def </text:span><text:span text:style-name="T2">○</text:span><text:span text:style-name="T2">Per Obj</text:span></text:p><draw:enhanced-geometry svg:viewBox="0 0 21600 21600" draw:path-stretchpoint-x="10800" draw:path-stretchpoint-y="10800" draw:text-areas="?f3 ?f4 ?f5 ?f6" draw:type="round-rectangle" draw:modifiers="3600" draw:enhanced-path="M ?f7 0 X 0 ?f8 L 0 ?f9 Y ?f7 21600 L ?f10 21600 X 21600 ?f9 L 21600 ?f8 Y ?f10 0 Z N"><draw:equation draw:name="f0" draw:formula="45"/><draw:equation draw:name="f1" draw:formula="$0 *sin(?f0 *(pi/180))"/><draw:equation draw:name="f2" draw:formula="?f1 *3163/7636"/><draw:equation draw:name="f3" draw:formula="left+?f2 "/><draw:equation draw:name="f4" draw:formula="top+?f2 "/><draw:equation draw:name="f5" draw:formula="right-?f2 "/><draw:equation draw:name="f6" draw:formula="bottom-?f2 "/><draw:equation draw:name="f7" draw:formula="left+$0 "/><draw:equation draw:name="f8" draw:formula="top+$0 "/><draw:equation draw:name="f9" draw:formula="bottom-$0 "/><draw:equation draw:name="f10" draw:formula="right-$0 "/><draw:handle draw:handle-position="$0 top" draw:handle-switched="true" draw:handle-range-x-minimum="0" draw:handle-range-x-maximum="10800"/></draw:enhanced-geometry></draw:custom-shape><draw:custom-shape draw:style-name="gr2" draw:text-style-name="P4" draw:layer="layout" svg:width="10.499cm" svg:height="2.949cm" svg:x="5.5cm" svg:y="3.801cm"><text:p text:style-name="P3"><text:span text:style-name="T1">○ </text:span><text:span text:style-name="T1">Perda da Qualidade de Segurado</text:span></text:p><text:p text:style-name="P3"><text:span text:style-name="T1">●</text:span><text:span text:style-name="T1">Falta de comprovação como segurado</text:span></text:p><text:p text:style-name="P3"><text:span text:style-name="T1">○ </text:span><text:span text:style-name="T1">Falta de comprovação como dependente</text:span></text:p><text:p text:style-name="P3"><text:span text:style-name="T3"/></text:p><draw:enhanced-geometry svg:viewBox="0 0 21600 21600" draw:path-stretchpoint-x="10800" draw:path-stretchpoint-y="10800" draw:text-areas="?f3 ?f4 ?f5 ?f6" draw:type="round-rectangle" draw:modifiers="3600" draw:enhanced-path="M ?f7 0 X 0 ?f8 L 0 ?f9 Y ?f7 21600 L ?f10 21600 X 21600 ?f9 L 21600 ?f8 Y ?f10 0 Z N"><draw:equation draw:name="f0" draw:formula="45"/><draw:equation draw:name="f1" draw:formula="$0 *sin(?f0 *(pi/180))"/><draw:equation draw:name="f2" draw:formula="?f1 *3163/7636"/><draw:equation draw:name="f3" draw:formula="left+?f2 "/><draw:equation draw:name="f4" draw:formula="top+?f2 "/><draw:equation draw:name="f5" draw:formula="right-?f2 "/><draw:equation draw:name="f6" draw:formula="bottom-?f2 "/><draw:equation draw:name="f7" draw:formula="left+$0 "/><draw:equation draw:name="f8" draw:formula="top+$0 "/><draw:equation draw:name="f9" draw:formula="bottom-$0 "/><draw:equation draw:name="f10" draw:formula="right-$0 "/><draw:handle draw:handle-position="$0 top" draw:handle-switched="true" draw:handle-range-x-minimum="0" draw:handle-range-x-maximum="10800"/></draw:enhanced-geometry></draw:custom-shape><draw:custom-shape draw:style-name="gr3" draw:text-style-name="P5" draw:layer="layout" svg:width="9.35cm" svg:height="2.05cm" svg:x="5.85cm" svg:y="7.2cm"><text:p text:style-name="P1"><text:span text:style-name="T4">Trata-se de segurado especial?</text:span></text:p><draw:enhanced-geometry svg:viewBox="0 0 21600 21600" draw:glue-points="10800 0 0 10800 10800 21600 21600 10800" draw:text-areas="5400 5400 16200 16200" draw:type="flowchart-decision" draw:enhanced-path="M 0 10800 L 10800 0 21600 10800 10800 21600 0 10800 Z N"/></draw:custom-shape></draw:page></office:drawing></office:body></office:document-content>